"term","estimate_log_odds","std_error","z_value","p_value","odds_ratio","stars"
"Phenotype_1week",-0.68044052927734,0.44637375430572,-1.52437396400172,0.127415320169627,0.506393861899414,"ns"
