"term","estimate_log_odds","std_error","z_value","p_value","odds_ratio","stars"
"Phenotype_1week",-0.745332790103474,0.731304499842811,-1.01918255701104,0.308116306074227,0.474576339348431,"ns"
