"term","estimate_log_odds","std_error","z_value","p_value","odds_ratio","stars"
"Phenotype",-1.93399899597007,0.640743160140952,-3.01836853872092,0.0025413963718975,0.144568910480017,"**"
