"term","estimate_log_odds","std_error","z_value","p_value","odds_ratio","stars"
"Phenotype",-2.49437069281522,0.624327431827049,-3.99529247900517,6.46144340690751e-05,0.082548383340185,"***"
